id_code,diagnosis,class_name
IDRiD_332,2,Moderate
IDRiD_042,2,Moderate
IDRiD_021test,3,Severe
IDRiD_040test,4,Proliferative_DR
IDRiD_181,0,No_DR
IDRiD_285,4,Proliferative_DR
IDRiD_273,0,No_DR
IDRiD_104,4,Proliferative_DR
IDRiD_029test,0,No_DR
IDRiD_032,4,Proliferative_DR
IDRiD_075,3,Severe
IDRiD_232,2,Moderate
IDRiD_156,0,No_DR
IDRiD_391,2,Moderate
IDRiD_349,2,Moderate
IDRiD_058,2,Moderate
IDRiD_195,0,No_DR
IDRiD_257,0,No_DR
IDRiD_321,3,Severe
IDRiD_085,2,Moderate
IDRiD_080,2,Moderate
IDRiD_137,2,Moderate
IDRiD_360,2,Moderate
IDRiD_122,2,Moderate
IDRiD_348,2,Moderate
IDRiD_248,2,Moderate
IDRiD_082,2,Moderate
IDRiD_087test,2,Moderate
IDRiD_010,4,Proliferative_DR
IDRiD_304,1,Mild
IDRiD_010test,2,Moderate
IDRiD_276,0,No_DR
IDRiD_058test,0,No_DR
IDRiD_117,2,Moderate
IDRiD_091test,2,Moderate
IDRiD_079,1,Mild
IDRiD_310,2,Moderate
IDRiD_354,3,Severe
IDRiD_129,2,Moderate
IDRiD_081,4,Proliferative_DR
IDRiD_317,0,No_DR
IDRiD_093,2,Moderate
IDRiD_062test,2,Moderate
IDRiD_076,2,Moderate
IDRiD_179,0,No_DR
IDRiD_078,2,Moderate
IDRiD_073,2,Moderate
IDRiD_267,0,No_DR
IDRiD_042test,3,Severe
IDRiD_326,2,Moderate
IDRiD_378,0,No_DR
IDRiD_035,3,Severe
IDRiD_275,0,No_DR
IDRiD_028test,2,Moderate
IDRiD_192,4,Proliferative_DR
IDRiD_305,0,No_DR
IDRiD_012,3,Severe
IDRiD_027test,3,Severe
IDRiD_016,2,Moderate
IDRiD_084test,2,Moderate
IDRiD_224,4,Proliferative_DR
IDRiD_001,3,Severe
IDRiD_020,2,Moderate
IDRiD_365,0,No_DR
IDRiD_331,0,No_DR
IDRiD_059,2,Moderate
IDRiD_067test,2,Moderate
IDRiD_292,0,No_DR
IDRiD_392,4,Proliferative_DR
IDRiD_236,2,Moderate
IDRiD_069test,0,No_DR
IDRiD_014test,3,Severe
IDRiD_027,4,Proliferative_DR
IDRiD_221,0,No_DR
IDRiD_266,0,No_DR
IDRiD_061test,4,Proliferative_DR
IDRiD_045,2,Moderate
IDRiD_296,3,Severe
IDRiD_088test,3,Severe
IDRiD_121,2,Moderate
IDRiD_212,0,No_DR
IDRiD_320,3,Severe
IDRiD_324,4,Proliferative_DR
IDRiD_024,4,Proliferative_DR
IDRiD_049,3,Severe
IDRiD_082test,2,Moderate
IDRiD_096test,0,No_DR
IDRiD_152,0,No_DR
IDRiD_096,4,Proliferative_DR
IDRiD_060,2,Moderate
IDRiD_180,3,Severe
IDRiD_026,3,Severe
IDRiD_018,2,Moderate
IDRiD_069,2,Moderate
IDRiD_334,3,Severe
IDRiD_283,2,Moderate
IDRiD_033,4,Proliferative_DR
IDRiD_087,2,Moderate
IDRiD_343,2,Moderate
IDRiD_131,2,Moderate
IDRiD_397,2,Moderate
IDRiD_394,4,Proliferative_DR
IDRiD_097,2,Moderate
IDRiD_274,0,No_DR
IDRiD_387,0,No_DR
IDRiD_032test,4,Proliferative_DR
IDRiD_370,0,No_DR
IDRiD_208,0,No_DR
IDRiD_107,2,Moderate
IDRiD_004test,4,Proliferative_DR
IDRiD_006,4,Proliferative_DR
IDRiD_048,2,Moderate
IDRiD_207,3,Severe
IDRiD_136,2,Moderate
